id,name,component,group,subgroup,material,x_mm,y_mm,z_mm
P001,POST_00_upper,POST_00_upper,立柱與雙色腳,上立柱,胡桃木,30.0,40.0,1105.0
P002,POST_00_shoe,POST_00_shoe,立柱與雙色腳,雙色腳 00,胡桃木,40.0,40.0,22
P003,POST_00_core,POST_00_core,立柱與雙色腳,雙色腳 00,楓木,16.0,16.0,278
P004,POST_00_corner_0_0,POST_00_corner_0_0,立柱與雙色腳,雙色腳 00,胡桃木,12.0,12.0,278
P005,POST_00_corner_0_28.0,POST_00_corner_0_28.0,立柱與雙色腳,雙色腳 00,胡桃木,12.0,12.0,278
P006,POST_00_corner_28.0_0,POST_00_corner_28.0_0,立柱與雙色腳,雙色腳 00,胡桃木,12.0,12.0,278
P007,POST_00_corner_28.0_28.0,POST_00_corner_28.0_28.0,立柱與雙色腳,雙色腳 00,胡桃木,12.0,12.0,278
P008,POST_00_maple_x0,POST_00_maple_x0,立柱與雙色腳,雙色腳 00,楓木,12.0,16.0,278
P009,POST_00_maple_x28.0,POST_00_maple_x28.0,立柱與雙色腳,雙色腳 00,楓木,12.0,16.0,278
P010,POST_00_maple_y0,POST_00_maple_y0,立柱與雙色腳,雙色腳 00,楓木,16.0,12.0,278
P011,POST_00_maple_y28.0,POST_00_maple_y28.0,立柱與雙色腳,雙色腳 00,楓木,16.0,12.0,278
P012,POST_01_upper,POST_01_upper,立柱與雙色腳,上立柱,胡桃木,30.0,40.0,1105.0
P013,POST_01_shoe,POST_01_shoe,立柱與雙色腳,雙色腳 01,胡桃木,40.0,40.0,22
P014,POST_01_core,POST_01_core,立柱與雙色腳,雙色腳 01,楓木,16.0,16.0,278
P015,POST_01_corner_0_0,POST_01_corner_0_0,立柱與雙色腳,雙色腳 01,胡桃木,12.0,12.0,278
P016,POST_01_corner_0_28.0,POST_01_corner_0_28.0,立柱與雙色腳,雙色腳 01,胡桃木,12.0,12.0,278
P017,POST_01_corner_28.0_0,POST_01_corner_28.0_0,立柱與雙色腳,雙色腳 01,胡桃木,12.0,12.0,278
P018,POST_01_corner_28.0_28.0,POST_01_corner_28.0_28.0,立柱與雙色腳,雙色腳 01,胡桃木,12.0,12.0,278
P019,POST_01_maple_x0,POST_01_maple_x0,立柱與雙色腳,雙色腳 01,楓木,12.0,16.0,278
P020,POST_01_maple_x28.0,POST_01_maple_x28.0,立柱與雙色腳,雙色腳 01,楓木,12.0,16.0,278
P021,POST_01_maple_y0,POST_01_maple_y0,立柱與雙色腳,雙色腳 01,楓木,16.0,12.0,278
P022,POST_01_maple_y28.0,POST_01_maple_y28.0,立柱與雙色腳,雙色腳 01,楓木,16.0,12.0,278
P023,POST_10_upper,POST_10_upper,立柱與雙色腳,上立柱,胡桃木,30.0,40.0,1105.0
P024,POST_10_shoe,POST_10_shoe,立柱與雙色腳,雙色腳 10,胡桃木,40.0,40.0,22
P025,POST_10_core,POST_10_core,立柱與雙色腳,雙色腳 10,楓木,16.0,16.0,278
P026,POST_10_corner_0_0,POST_10_corner_0_0,立柱與雙色腳,雙色腳 10,胡桃木,12.0,12.0,278
P027,POST_10_corner_0_28.0,POST_10_corner_0_28.0,立柱與雙色腳,雙色腳 10,胡桃木,12.0,12.0,278
P028,POST_10_corner_28.0_0,POST_10_corner_28.0_0,立柱與雙色腳,雙色腳 10,胡桃木,12.0,12.0,278
P029,POST_10_corner_28.0_28.0,POST_10_corner_28.0_28.0,立柱與雙色腳,雙色腳 10,胡桃木,12.0,12.0,278
P030,POST_10_maple_x0,POST_10_maple_x0,立柱與雙色腳,雙色腳 10,楓木,12.0,16.0,278
P031,POST_10_maple_x28.0,POST_10_maple_x28.0,立柱與雙色腳,雙色腳 10,楓木,12.0,16.0,278
P032,POST_10_maple_y0,POST_10_maple_y0,立柱與雙色腳,雙色腳 10,楓木,16.0,12.0,278
P033,POST_10_maple_y28.0,POST_10_maple_y28.0,立柱與雙色腳,雙色腳 10,楓木,16.0,12.0,278
P034,POST_11_upper,POST_11_upper,立柱與雙色腳,上立柱,胡桃木,30.0,40.0,1105.0
P035,POST_11_shoe,POST_11_shoe,立柱與雙色腳,雙色腳 11,胡桃木,40.0,40.0,22
P036,POST_11_core,POST_11_core,立柱與雙色腳,雙色腳 11,楓木,16.0,16.0,278
P037,POST_11_corner_0_0,POST_11_corner_0_0,立柱與雙色腳,雙色腳 11,胡桃木,12.0,12.0,278
P038,POST_11_corner_0_28.0,POST_11_corner_0_28.0,立柱與雙色腳,雙色腳 11,胡桃木,12.0,12.0,278
P039,POST_11_corner_28.0_0,POST_11_corner_28.0_0,立柱與雙色腳,雙色腳 11,胡桃木,12.0,12.0,278
P040,POST_11_corner_28.0_28.0,POST_11_corner_28.0_28.0,立柱與雙色腳,雙色腳 11,胡桃木,12.0,12.0,278
P041,POST_11_maple_x0,POST_11_maple_x0,立柱與雙色腳,雙色腳 11,楓木,12.0,16.0,278
P042,POST_11_maple_x28.0,POST_11_maple_x28.0,立柱與雙色腳,雙色腳 11,楓木,12.0,16.0,278
P043,POST_11_maple_y0,POST_11_maple_y0,立柱與雙色腳,雙色腳 11,楓木,16.0,12.0,278
P044,POST_11_maple_y28.0,POST_11_maple_y28.0,立柱與雙色腳,雙色腳 11,楓木,16.0,12.0,278
P045,RAIL_FB_300_0,RAIL_FB_300_0,底框與底板,底框與底板,胡桃木,625.0,25.0,25.0
P046,RAIL_FB_300_345.0,RAIL_FB_300_345.0,底框與底板,底框與底板,胡桃木,625.0,25.0,25.0
P047,RAIL_SIDE_300_0,RAIL_SIDE_300_0,底框與底板,底框與底板,胡桃木,25.0,290.0,25.0
P048,RAIL_SIDE_300_660.0,RAIL_SIDE_300_660.0,底框與底板,底框與底板,胡桃木,25.0,290.0,25.0
P049,RAIL_FB_1405.0_0,RAIL_FB_1405.0_0,頂部,頂部,胡桃木,685.0,25.0,25.0
P050,RAIL_FB_1405.0_345.0,RAIL_FB_1405.0_345.0,頂部,頂部,胡桃木,685.0,25.0,25.0
P051,RAIL_SIDE_1405.0_0,RAIL_SIDE_1405.0_0,頂部,頂部,胡桃木,25.0,320.0,25.0
P052,RAIL_SIDE_1405.0_660.0,RAIL_SIDE_1405.0_660.0,頂部,頂部,胡桃木,25.0,320.0,25.0
P053,Cabinet floor - continuous notched panel,Cabinet floor - continuous notched panel,底框與底板,底框與底板,楓木,635.0,320.0,20
P054,TOP_maple_25.0,TOP_maple_25.0,頂部,頂部,楓木,305.0,320.0,25.0
P055,TOP_maple_355.0,TOP_maple_355.0,頂部,頂部,楓木,305.0,320.0,25.0
P056,TOP_centre_walnut,TOP_centre_walnut,頂部,頂部,胡桃木,25.0,320.0,25.0
P057,SIDE_stretcher_5.0_170.0,SIDE_stretcher_5.0_170.0,腳間橫條,腳間橫條,胡桃木,25.0,240.0,22.0
P058,SIDE_stretcher_655.0_170.0,SIDE_stretcher_655.0_170.0,腳間橫條,腳間橫條,胡桃木,25.0,240.0,22.0
P059,SIDE_stretcher_5.0_230.0,SIDE_stretcher_5.0_230.0,腳間橫條,腳間橫條,胡桃木,25.0,240.0,22.0
P060,SIDE_stretcher_655.0_230.0,SIDE_stretcher_655.0_230.0,腳間橫條,腳間橫條,胡桃木,25.0,240.0,22.0
P061,ADDED_FRONT_stretcher,ADDED_FRONT_stretcher,腳間橫條,腳間橫條,胡桃木,595.0,25.0,22.0
P062,ADDED_REAR_stretcher,ADDED_REAR_stretcher,腳間橫條,腳間橫條,胡桃木,595.0,25.0,22.0
P063,SHELF_665.0,SHELF_665.0,層板,層板,楓木,625.0,290.0,20.0
P064,SHELF_1025.0,SHELF_1025.0,層板,層板,楓木,625.0,290.0,20.0
P065,BACK_8mm_ASSUMED,BACK_8mm_ASSUMED,背板,背板,楓木,625.0,8.0,1080.0
P066,DOOR0_walnut_L,DOOR0_walnut_L,左門與把手,左門胡桃木框,胡桃木,22.0,32.0,1110.0
P067,DOOR0_walnut_R,DOOR0_walnut_R,左門與把手,左門胡桃木框,胡桃木,22.0,32.0,1110.0
P068,DOOR0_walnut_B,DOOR0_walnut_B,左門與把手,左門胡桃木框,胡桃木,286.0,32.0,22.0
P069,DOOR0_walnut_T,DOOR0_walnut_T,左門與把手,左門胡桃木框,胡桃木,286.0,32.0,22.0
P070,DOOR0_maple9_L,DOOR0_maple9_L,左門與把手,左門楓木飾條,楓木,9.0,12.0,1066.0
P071,DOOR0_maple9_R,DOOR0_maple9_R,左門與把手,左門楓木飾條,楓木,9.0,12.0,1066.0
P072,DOOR0_maple9_B,DOOR0_maple9_B,左門與把手,左門楓木飾條,楓木,268.0,12.0,9.0
P073,DOOR0_maple9_T,DOOR0_maple9_T,左門與把手,左門楓木飾條,楓木,268.0,12.0,9.0
P074,DOOR0_GLASS,DOOR0_GLASS,左門與把手,左門玻璃,長虹玻璃,268.0,4.6,1048.0
P075,HANDLE0_oval,左把手 H01 · 橢圓頭,左門與把手,左把手 H01,金屬,24.0,24.0,39.0
P076,HANDLE0_neck_ASSUMED,左把手 H01 · 接頸（暫定）,左門與把手,左把手 H01,金屬,7.0,14.0,7.0
P077,HANDLE0_base_ASSUMED,左把手 H01 · 底座（暫定）,左門與把手,左把手 H01,金屬,17.5,2.0,17.5
P078,DOOR1_walnut_L,DOOR1_walnut_L,右門與把手,右門胡桃木框,胡桃木,22.0,32.0,1110.0
P079,DOOR1_walnut_R,DOOR1_walnut_R,右門與把手,右門胡桃木框,胡桃木,22.0,32.0,1110.0
P080,DOOR1_walnut_B,DOOR1_walnut_B,右門與把手,右門胡桃木框,胡桃木,286.0,32.0,22.0
P081,DOOR1_walnut_T,DOOR1_walnut_T,右門與把手,右門胡桃木框,胡桃木,286.0,32.0,22.0
P082,DOOR1_maple9_L,DOOR1_maple9_L,右門與把手,右門楓木飾條,楓木,9.0,12.0,1066.0
P083,DOOR1_maple9_R,DOOR1_maple9_R,右門與把手,右門楓木飾條,楓木,9.0,12.0,1066.0
P084,DOOR1_maple9_B,DOOR1_maple9_B,右門與把手,右門楓木飾條,楓木,268.0,12.0,9.0
P085,DOOR1_maple9_T,DOOR1_maple9_T,右門與把手,右門楓木飾條,楓木,268.0,12.0,9.0
P086,DOOR1_GLASS,DOOR1_GLASS,右門與把手,右門玻璃,長虹玻璃,268.0,4.6,1048.0
P087,HANDLE1_oval,右把手 H02 · 橢圓頭,右門與把手,右把手 H02,金屬,24.0,24.0,39.0
P088,HANDLE1_neck_ASSUMED,右把手 H02 · 接頸（暫定）,右門與把手,右把手 H02,金屬,7.0,14.0,7.0
P089,HANDLE1_base_ASSUMED,右把手 H02 · 底座（暫定）,右門與把手,右把手 H02,金屬,17.5,2.0,17.5
P090,SIDE0_bead_V40.0,SIDE0_bead_V40.0,側玻璃與飾條,左側飾條,楓木,12,9.0,1080.0
P091,SIDE0_bead_V321.0,SIDE0_bead_V321.0,側玻璃與飾條,左側飾條,楓木,12,9.0,1080.0
P092,SIDE0_bead_H325.0,SIDE0_bead_H325.0,側玻璃與飾條,左側飾條,楓木,12,272.0,9.0
P093,SIDE0_bead_H1396.0,SIDE0_bead_H1396.0,側玻璃與飾條,左側飾條,楓木,12,272.0,9.0
P094,SIDE0_GLASS,SIDE0_GLASS,側玻璃與飾條,左側玻璃,長虹玻璃,4.6,272.0,1062.0
P095,SIDE1_bead_V40.0,SIDE1_bead_V40.0,側玻璃與飾條,右側飾條,楓木,12.0,9.0,1080.0
P096,SIDE1_bead_V321.0,SIDE1_bead_V321.0,側玻璃與飾條,右側飾條,楓木,12.0,9.0,1080.0
P097,SIDE1_bead_H325.0,SIDE1_bead_H325.0,側玻璃與飾條,右側飾條,楓木,12.0,272.0,9.0
P098,SIDE1_bead_H1396.0,SIDE1_bead_H1396.0,側玻璃與飾條,右側飾條,楓木,12.0,272.0,9.0
P099,SIDE1_GLASS,SIDE1_GLASS,側玻璃與飾條,右側玻璃,長虹玻璃,4.6,272.0,1062.0
